geography,location_count,location_level,location_name,location_lat,location_lon,location_raw
Albany,612,Level 3,"Albany, NY, USA",42.6525793,-73.7562317,"{""address_components"": [{""long_name"": ""Albany"", ""short_name"": ""Albany"", ""types"": [""locality"", ""political""]}, {""long_name"": ""Albany County"", ""short_name"": ""Albany County"", ""types"": [""administrative_area_level_2"", ""political""]}, {""long_name"": ""New York"", ""short_name"": ""NY"", ""types"": [""administrative_area_level_1"", ""political""]}, {""long_name"": ""United States"", ""short_name"": ""US"", ""types"": [""country"", ""political""]}], ""formatted_address"": ""Albany, NY, USA"", ""geometry"": {""bounds"": {""northeast"": {""lat"": 42.7223788, ""lng"": -73.723263}, ""southwest"": {""lat"": 42.61379, ""lng"": -73.898099}}, ""location"": {""lat"": 42.6525793, ""lng"": -73.7562317}, ""location_type"": ""APPROXIMATE"", ""viewport"": {""northeast"": {""lat"": 42.7223788, ""lng"": -73.723263}, ""southwest"": {""lat"": 42.61379, ""lng"": -73.898099}}}, ""place_id"": ""ChIJS_tPzDQK3okRxCjnoBJjoeE"", ""types"": [""locality"", ""political""]}"
Sacramento,612,Level 3,"Sacramento, CA, USA",38.5815719,-121.4943996,"{""address_components"": [{""long_name"": ""Sacramento"", ""short_name"": ""Sacramento"", ""types"": [""locality"", ""political""]}, {""long_name"": ""Sacramento County"", ""short_name"": ""Sacramento County"", ""types"": [""administrative_area_level_2"", ""political""]}, {""long_name"": ""California"", ""short_name"": ""CA"", ""types"": [""administrative_area_level_1"", ""political""]}, {""long_name"": ""United States"", ""short_name"": ""US"", ""types"": [""country"", ""political""]}], ""formatted_address"": ""Sacramento, CA, USA"", ""geometry"": {""bounds"": {""northeast"": {""lat"": 38.685507, ""lng"": -121.36274}, ""southwest"": {""lat"": 38.4379609, ""lng"": -121.56012}}, ""location"": {""lat"": 38.5815719, ""lng"": -121.4943996}, ""location_type"": ""APPROXIMATE"", ""viewport"": {""northeast"": {""lat"": 38.685507, ""lng"": -121.36274}, ""southwest"": {""lat"": 38.4379609, ""lng"": -121.56012}}}, ""place_id"": ""ChIJ-ZeDsnLGmoAR238ZdKpqH5I"", ""types"": [""locality"", ""political""]}"
Northeast,612,Level 2,"Northeastern United States, USA",43.2994285,-74.21793260000001,"{""address_components"": [{""long_name"": ""Northeastern United States"", ""short_name"": ""Northeastern United States"", ""types"": [""colloquial_area"", ""political""]}, {""long_name"": ""United States"", ""short_name"": ""US"", ""types"": [""country"", ""political""]}], ""formatted_address"": ""Northeastern United States, USA"", ""geometry"": {""bounds"": {""northeast"": {""lat"": 47.459686, ""lng"": -66.8850751}, ""southwest"": {""lat"": 38.788657, ""lng"": -80.51989499999999}}, ""location"": {""lat"": 43.2994285, ""lng"": -74.21793260000001}, ""location_type"": ""APPROXIMATE"", ""viewport"": {""northeast"": {""lat"": 47.459686, ""lng"": -66.8850751}, ""southwest"": {""lat"": 38.788657, ""lng"": -80.51989499999999}}}, ""place_id"": ""ChIJx9iDcUl2s0wR0DTitA_KTYQ"", ""types"": [""colloquial_area"", ""political""]}"
Northern New England,612,Level 3,"New England, USA",43.9653889,-70.8226541,"{""address_components"": [{""long_name"": ""New England"", ""short_name"": ""New England"", ""types"": [""colloquial_area"", ""political""]}, {""long_name"": ""United States"", ""short_name"": ""US"", ""types"": [""country"", ""political""]}], ""formatted_address"": ""New England, USA"", ""geometry"": {""bounds"": {""northeast"": {""lat"": 47.459833, ""lng"": -66.885444}, ""southwest"": {""lat"": 40.950943, ""lng"": -73.727775}}, ""location"": {""lat"": 43.9653889, ""lng"": -70.8226541}, ""location_type"": ""APPROXIMATE"", ""viewport"": {""northeast"": {""lat"": 47.459833, ""lng"": -66.885444}, ""southwest"": {""lat"": 40.950943, ""lng"": -73.727775}}}, ""place_id"": ""ChIJP3fuARk5skwR7aW7DG3mHlQ"", ""types"": [""colloquial_area"", ""political""]}"
Orlando,612,Level 3,"Orlando, FL, USA",28.5383832,-81.3789269,"{""address_components"": [{""long_name"": ""Orlando"", ""short_name"": ""Orlando"", ""types"": [""locality"", ""political""]}, {""long_name"": ""Orange County"", ""short_name"": ""Orange County"", ""types"": [""administrative_area_level_2"", ""political""]}, {""long_name"": ""Florida"", ""short_name"": ""FL"", ""types"": [""administrative_area_level_1"", ""political""]}, {""long_name"": ""United States"", ""short_name"": ""US"", ""types"": [""country"", ""political""]}], ""formatted_address"": ""Orlando, FL, USA"", ""geometry"": {""bounds"": {""northeast"": {""lat"": 28.6142797, ""lng"": -81.17779999999999}, ""southwest"": {""lat"": 28.3480667, ""lng"": -81.5075304}}, ""location"": {""lat"": 28.5383832, ""lng"": -81.3789269}, ""location_type"": ""APPROXIMATE"", ""viewport"": {""northeast"": {""lat"": 28.6142797, ""lng"": -81.17779999999999}, ""southwest"": {""lat"": 28.3480667, ""lng"": -81.5075304}}}, ""place_id"": ""ChIJd7zN_thz54gRnr-lPAaywwo"", ""types"": [""locality"", ""political""]}"
Philadelphia,612,Level 3,"Philadelphia, PA, USA",39.9525839,-75.1652215,"{""address_components"": [{""long_name"": ""Philadelphia"", ""short_name"": ""Philadelphia"", ""types"": [""locality"", ""political""]}, {""long_name"": ""Philadelphia County"", ""short_name"": ""Philadelphia County"", ""types"": [""administrative_area_level_2"", ""political""]}, {""long_name"": ""Pennsylvania"", ""short_name"": ""PA"", ""types"": [""administrative_area_level_1"", ""political""]}, {""long_name"": ""United States"", ""short_name"": ""US"", ""types"": [""country"", ""political""]}], ""formatted_address"": ""Philadelphia, PA, USA"", ""geometry"": {""bounds"": {""northeast"": {""lat"": 40.1379919, ""lng"": -74.9557629}, ""southwest"": {""lat"": 39.8670041, ""lng"": -75.2802937}}, ""location"": {""lat"": 39.9525839, ""lng"": -75.1652215}, ""location_type"": ""APPROXIMATE"", ""viewport"": {""northeast"": {""lat"": 40.1379919, ""lng"": -74.9557629}, ""southwest"": {""lat"": 39.8670041, ""lng"": -75.2802937}}}, ""place_id"": ""ChIJ60u11Ni3xokRwVg-jNgU9Yk"", ""types"": [""locality"", ""political""]}"
Phoenix/Tucson,612,Level 3,"Tucson, AZ, USA",32.2539787,-110.9741769,"{""address_components"": [{""long_name"": ""Tucson"", ""short_name"": ""Tucson"", ""types"": [""locality"", ""political""]}, {""long_name"": ""Pima County"", ""short_name"": ""Pima County"", ""types"": [""administrative_area_level_2"", ""political""]}, {""long_name"": ""Arizona"", ""short_name"": ""AZ"", ""types"": [""administrative_area_level_1"", ""political""]}, {""long_name"": ""United States"", ""short_name"": ""US"", ""types"": [""country"", ""political""]}], ""formatted_address"": ""Tucson, AZ, USA"", ""geometry"": {""bounds"": {""northeast"": {""lat"": 32.32016610000001, ""lng"": -110.708204}, ""southwest"": {""lat"": 31.9916539, ""lng"": -111.059406}}, ""location"": {""lat"": 32.2539787, ""lng"": -110.9741769}, ""location_type"": ""APPROXIMATE"", ""viewport"": {""northeast"": {""lat"": 32.32016610000001, ""lng"": -110.708204}, ""southwest"": {""lat"": 31.9916539, ""lng"": -111.059406}}}, ""partial_match"": true, ""place_id"": ""ChIJK-0sC0Fl1oYRFccWTTgtw3M"", ""types"": [""locality"", ""political""]}"
Pittsburgh,612,Level 3,"Pittsburgh, PA, USA",40.44062479999999,-79.9958864,"{""address_components"": [{""long_name"": ""Pittsburgh"", ""short_name"": ""Pittsburgh"", ""types"": [""locality"", ""political""]}, {""long_name"": ""Allegheny County"", ""short_name"": ""Allegheny County"", ""types"": [""administrative_area_level_2"", ""political""]}, {""long_name"": ""Pennsylvania"", ""short_name"": ""PA"", ""types"": [""administrative_area_level_1"", ""political""]}, {""long_name"": ""United States"", ""short_name"": ""US"", ""types"": [""country"", ""political""]}], ""formatted_address"": ""Pittsburgh, PA, USA"", ""geometry"": {""bounds"": {""northeast"": {""lat"": 40.501368, ""lng"": -79.8657231}, ""southwest"": {""lat"": 40.3613689, ""lng"": -80.0952779}}, ""location"": {""lat"": 40.44062479999999, ""lng"": -79.9958864}, ""location_type"": ""APPROXIMATE"", ""viewport"": {""northeast"": {""lat"": 40.501368, ""lng"": -79.8657231}, ""southwest"": {""lat"": 40.3613689, ""lng"": -80.0952779}}}, ""place_id"": ""ChIJA4UGSG_xNIgRNBuiWqEV-Y0"", ""types"": [""locality"", ""political""]}"
Plains,612,Level 2,,,,
Portland,612,Level 3,"Portland, OR, USA",45.515232,-122.6783853,"{""address_components"": [{""long_name"": ""Portland"", ""short_name"": ""Portland"", ""types"": [""locality"", ""political""]}, {""long_name"": ""Multnomah County"", ""short_name"": ""Multnomah County"", ""types"": [""administrative_area_level_2"", ""political""]}, {""long_name"": ""Oregon"", ""short_name"": ""OR"", ""types"": [""administrative_area_level_1"", ""political""]}, {""long_name"": ""United States"", ""short_name"": ""US"", ""types"": [""country"", ""political""]}], ""formatted_address"": ""Portland, OR, USA"", ""geometry"": {""bounds"": {""northeast"": {""lat"": 45.652886, ""lng"": -122.4720384}, ""southwest"": {""lat"": 45.4325419, ""lng"": -122.8367638}}, ""location"": {""lat"": 45.515232, ""lng"": -122.6783853}, ""location_type"": ""APPROXIMATE"", ""viewport"": {""northeast"": {""lat"": 45.652886, ""lng"": -122.4720384}, ""southwest"": {""lat"": 45.4325419, ""lng"": -122.8367638}}}, ""place_id"": ""ChIJJ3SpfQsLlVQRkYXR9ua5Nhw"", ""types"": [""locality"", ""political""]}"
Raleigh/Greensboro,612,Level 3,"S Raleigh St, Greensboro, NC 27401, USA",36.0755917,-79.7590191,"{""address_components"": [{""long_name"": ""South Raleigh Street"", ""short_name"": ""S Raleigh St"", ""types"": [""route""]}, {""long_name"": ""Greensboro"", ""short_name"": ""Greensboro"", ""types"": [""locality"", ""political""]}, {""long_name"": ""Guilford County"", ""short_name"": ""Guilford County"", ""types"": [""administrative_area_level_2"", ""political""]}, {""long_name"": ""North Carolina"", ""short_name"": ""NC"", ""types"": [""administrative_area_level_1"", ""political""]}, {""long_name"": ""United States"", ""short_name"": ""US"", ""types"": [""country"", ""political""]}, {""long_name"": ""27401"", ""short_name"": ""27401"", ""types"": [""postal_code""]}], ""formatted_address"": ""S Raleigh St, Greensboro, NC 27401, USA"", ""geometry"": {""bounds"": {""northeast"": {""lat"": 36.0760873, ""lng"": -79.7588257}, ""southwest"": {""lat"": 36.0750065, ""lng"": -79.7592638}}, ""location"": {""lat"": 36.0755917, ""lng"": -79.7590191}, ""location_type"": ""GEOMETRIC_CENTER"", ""viewport"": {""northeast"": {""lat"": 36.0768958802915, ""lng"": -79.75769576970849}, ""southwest"": {""lat"": 36.0741979197085, ""lng"": -79.7603937302915}}}, ""place_id"": ""ChIJD1BlA7cYU4gR0DTn3miK5rQ"", ""types"": [""route""]}"
Richmond/Norfolk,612,Level 3,"Richmond, VA, USA",37.5407246,-77.4360481,"{""address_components"": [{""long_name"": ""Richmond"", ""short_name"": ""Richmond"", ""types"": [""locality"", ""political""]}, {""long_name"": ""Virginia"", ""short_name"": ""VA"", ""types"": [""administrative_area_level_1"", ""political""]}, {""long_name"": ""United States"", ""short_name"": ""US"", ""types"": [""country"", ""political""]}], ""formatted_address"": ""Richmond, VA, USA"", ""geometry"": {""bounds"": {""northeast"": {""lat"": 37.6027689, ""lng"": -77.3855119}, ""southwest"": {""lat"": 37.446553, ""lng"": -77.601011}}, ""location"": {""lat"": 37.5407246, ""lng"": -77.4360481}, ""location_type"": ""APPROXIMATE"", ""viewport"": {""northeast"": {""lat"": 37.6027689, ""lng"": -77.3855119}, ""southwest"": {""lat"": 37.446553, ""lng"": -77.601011}}}, ""partial_match"": true, ""place_id"": ""ChIJ7cmZVwkRsYkRxTxC4m0-2L8"", ""types"": [""locality"", ""political""]}"
Roanoke,612,Level 3,"Roanoke, VA, USA",37.2709704,-79.9414266,"{""address_components"": [{""long_name"": ""Roanoke"", ""short_name"": ""Roanoke"", ""types"": [""locality"", ""political""]}, {""long_name"": ""Virginia"", ""short_name"": ""VA"", ""types"": [""administrative_area_level_1"", ""political""]}, {""long_name"": ""United States"", ""short_name"": ""US"", ""types"": [""country"", ""political""]}], ""formatted_address"": ""Roanoke, VA, USA"", ""geometry"": {""bounds"": {""northeast"": {""lat"": 37.3374169, ""lng"": -79.8774871}, ""southwest"": {""lat"": 37.211227, ""lng"": -80.0375979}}, ""location"": {""lat"": 37.2709704, ""lng"": -79.9414266}, ""location_type"": ""APPROXIMATE"", ""viewport"": {""northeast"": {""lat"": 37.3374169, ""lng"": -79.8774871}, ""southwest"": {""lat"": 37.211227, ""lng"": -80.0375979}}}, ""place_id"": ""ChIJ_Wapak0MTYgRm5iw28u-nSQ"", ""types"": [""locality"", ""political""]}"
San Diego,612,Level 3,"San Diego, CA, USA",32.715738,-117.1610838,"{""address_components"": [{""long_name"": ""San Diego"", ""short_name"": ""San Diego"", ""types"": [""locality"", ""political""]}, {""long_name"": ""San Diego County"", ""short_name"": ""San Diego County"", ""types"": [""administrative_area_level_2"", ""political""]}, {""long_name"": ""California"", ""short_name"": ""CA"", ""types"": [""administrative_area_level_1"", ""political""]}, {""long_name"": ""United States"", ""short_name"": ""US"", ""types"": [""country"", ""political""]}], ""formatted_address"": ""San Diego, CA, USA"", ""geometry"": {""bounds"": {""northeast"": {""lat"": 33.114249, ""lng"": -116.90816}, ""southwest"": {""lat"": 32.534856, ""lng"": -117.3097969}}, ""location"": {""lat"": 32.715738, ""lng"": -117.1610838}, ""location_type"": ""APPROXIMATE"", ""viewport"": {""northeast"": {""lat"": 33.114249, ""lng"": -116.90816}, ""southwest"": {""lat"": 32.534856, ""lng"": -117.3097969}}}, ""place_id"": ""ChIJSx6SrQ9T2YARed8V_f0hOg0"", ""types"": [""locality"", ""political""]}"
Atlanta,612,Level 3,"Atlanta, GA, USA",33.748752,-84.38768449999999,"{""address_components"": [{""long_name"": ""Atlanta"", ""short_name"": ""Atlanta"", ""types"": [""locality"", ""political""]}, {""long_name"": ""Fulton County"", ""short_name"": ""Fulton County"", ""types"": [""administrative_area_level_2"", ""political""]}, {""long_name"": ""Georgia"", ""short_name"": ""GA"", ""types"": [""administrative_area_level_1"", ""political""]}, {""long_name"": ""United States"", ""short_name"": ""US"", ""types"": [""country"", ""political""]}], ""formatted_address"": ""Atlanta, GA, USA"", ""geometry"": {""bounds"": {""northeast"": {""lat"": 33.8868062, ""lng"": -84.28951599999999}, ""southwest"": {""lat"": 33.6479288, ""lng"": -84.5507451}}, ""location"": {""lat"": 33.748752, ""lng"": -84.38768449999999}, ""location_type"": ""APPROXIMATE"", ""viewport"": {""northeast"": {""lat"": 33.8868062, ""lng"": -84.28951599999999}, ""southwest"": {""lat"": 33.6479288, ""lng"": -84.5507451}}}, ""place_id"": ""ChIJjQmTaV0E9YgRC2MLmS_e_mY"", ""types"": [""locality"", ""political""]}"
San Francisco,612,Level 3,"San Francisco, CA, USA",37.7749295,-122.4194155,"{""address_components"": [{""long_name"": ""San Francisco"", ""short_name"": ""SF"", ""types"": [""locality"", ""political""]}, {""long_name"": ""San Francisco County"", ""short_name"": ""San Francisco County"", ""types"": [""administrative_area_level_2"", ""political""]}, {""long_name"": ""California"", ""short_name"": ""CA"", ""types"": [""administrative_area_level_1"", ""political""]}, {""long_name"": ""United States"", ""short_name"": ""US"", ""types"": [""country"", ""political""]}], ""formatted_address"": ""San Francisco, CA, USA"", ""geometry"": {""bounds"": {""northeast"": {""lat"": 37.9298239, ""lng"": -122.28178}, ""southwest"": {""lat"": 37.6398299, ""lng"": -123.1328309}}, ""location"": {""lat"": 37.7749295, ""lng"": -122.4194155}, ""location_type"": ""APPROXIMATE"", ""viewport"": {""northeast"": {""lat"": 37.812, ""lng"": -122.3482}, ""southwest"": {""lat"": 37.70339999999999, ""lng"": -122.527}}}, ""place_id"": ""ChIJIQBpAG2ahYAR_6128GcTUEo"", ""types"": [""locality"", ""political""]}"
Seattle,612,Level 3,"Seattle, WA, USA",47.6061389,-122.3328481,"{""address_components"": [{""long_name"": ""Seattle"", ""short_name"": ""Seattle"", ""types"": [""locality"", ""political""]}, {""long_name"": ""King County"", ""short_name"": ""King County"", ""types"": [""administrative_area_level_2"", ""political""]}, {""long_name"": ""Washington"", ""short_name"": ""WA"", ""types"": [""administrative_area_level_1"", ""political""]}, {""long_name"": ""United States"", ""short_name"": ""US"", ""types"": [""country"", ""political""]}], ""formatted_address"": ""Seattle, WA, USA"", ""geometry"": {""bounds"": {""northeast"": {""lat"": 47.73528, ""lng"": -122.219822}, ""southwest"": {""lat"": 47.48215, ""lng"": -122.4597739}}, ""location"": {""lat"": 47.6061389, ""lng"": -122.3328481}, ""location_type"": ""APPROXIMATE"", ""viewport"": {""northeast"": {""lat"": 47.73528, ""lng"": -122.219822}, ""southwest"": {""lat"": 47.48215, ""lng"": -122.4597739}}}, ""place_id"": ""ChIJVTPokywQkFQRmtVEaUZlJRA"", ""types"": [""locality"", ""political""]}"
South Carolina,612,Level 3,"South Carolina, USA",33.836081,-81.1637245,"{""address_components"": [{""long_name"": ""South Carolina"", ""short_name"": ""SC"", ""types"": [""administrative_area_level_1"", ""political""]}, {""long_name"": ""United States"", ""short_name"": ""US"", ""types"": [""country"", ""political""]}], ""formatted_address"": ""South Carolina, USA"", ""geometry"": {""bounds"": {""northeast"": {""lat"": 35.2154849, ""lng"": -78.49930090000001}, ""southwest"": {""lat"": 31.995954, ""lng"": -83.35392800000001}}, ""location"": {""lat"": 33.836081, ""lng"": -81.1637245}, ""location_type"": ""APPROXIMATE"", ""viewport"": {""northeast"": {""lat"": 35.2154849, ""lng"": -78.49930090000001}, ""southwest"": {""lat"": 31.995954, ""lng"": -83.35392800000001}}}, ""place_id"": ""ChIJ49ExeWml-IgRnhcF9TKh_7k"", ""types"": [""administrative_area_level_1"", ""political""]}"
South Central,612,Level 2,"South Los Angeles, Los Angeles, CA, USA",33.9891116,-118.2914872,"{""address_components"": [{""long_name"": ""South Los Angeles"", ""short_name"": ""South Los Angeles"", ""types"": [""neighborhood"", ""political""]}, {""long_name"": ""Los Angeles"", ""short_name"": ""Los Angeles"", ""types"": [""locality"", ""political""]}, {""long_name"": ""Los Angeles County"", ""short_name"": ""Los Angeles County"", ""types"": [""administrative_area_level_2"", ""political""]}, {""long_name"": ""California"", ""short_name"": ""CA"", ""types"": [""administrative_area_level_1"", ""political""]}, {""long_name"": ""United States"", ""short_name"": ""US"", ""types"": [""country"", ""political""]}], ""formatted_address"": ""South Los Angeles, Los Angeles, CA, USA"", ""geometry"": {""bounds"": {""northeast"": {""lat"": 34.0382641, ""lng"": -118.222371}, ""southwest"": {""lat"": 33.9019, ""lng"": -118.385591}}, ""location"": {""lat"": 33.9891116, ""lng"": -118.2914872}, ""location_type"": ""APPROXIMATE"", ""viewport"": {""northeast"": {""lat"": 34.0382641, ""lng"": -118.222371}, ""southwest"": {""lat"": 33.9019, ""lng"": -118.385591}}}, ""place_id"": ""ChIJ6bcf1Nu3woARGCYveWr_oiQ"", ""types"": [""neighborhood"", ""political""]}"
Southeast,612,Level 2,,,,
Spokane,612,Level 3,"Spokane, WA, USA",47.6579711,-117.4235319,"{""address_components"": [{""long_name"": ""Spokane"", ""short_name"": ""Spokane"", ""types"": [""locality"", ""political""]}, {""long_name"": ""Spokane County"", ""short_name"": ""Spokane County"", ""types"": [""administrative_area_level_2"", ""political""]}, {""long_name"": ""Washington"", ""short_name"": ""WA"", ""types"": [""administrative_area_level_1"", ""political""]}, {""long_name"": ""United States"", ""short_name"": ""US"", ""types"": [""country"", ""political""]}], ""formatted_address"": ""Spokane, WA, USA"", ""geometry"": {""bounds"": {""northeast"": {""lat"": 47.75879390000001, ""lng"": -117.303864}, ""southwest"": {""lat"": 47.5867878, ""lng"": -117.6040611}}, ""location"": {""lat"": 47.6579711, ""lng"": -117.4235319}, ""location_type"": ""APPROXIMATE"", ""viewport"": {""northeast"": {""lat"": 47.75879390000001, ""lng"": -117.303864}, ""southwest"": {""lat"": 47.5867878, ""lng"": -117.6040611}}}, ""place_id"": ""ChIJ5ee7MFwYnlQRsdmEC9bJ_N0"", ""types"": [""locality"", ""political""]}"
St. Louis,612,Level 3,"St. Louis, MO, USA",38.6270025,-90.19940419999999,"{""address_components"": [{""long_name"": ""St. Louis"", ""short_name"": ""St. Louis"", ""types"": [""locality"", ""political""]}, {""long_name"": ""Missouri"", ""short_name"": ""MO"", ""types"": [""administrative_area_level_1"", ""political""]}, {""long_name"": ""United States"", ""short_name"": ""US"", ""types"": [""country"", ""political""]}], ""formatted_address"": ""St. Louis, MO, USA"", ""geometry"": {""bounds"": {""northeast"": {""lat"": 38.774349, ""lng"": -90.166409}, ""southwest"": {""lat"": 38.5318519, ""lng"": -90.320515}}, ""location"": {""lat"": 38.6270025, ""lng"": -90.19940419999999}, ""location_type"": ""APPROXIMATE"", ""viewport"": {""northeast"": {""lat"": 38.774349, ""lng"": -90.166409}, ""southwest"": {""lat"": 38.5318519, ""lng"": -90.320515}}}, ""place_id"": ""ChIJ-Y7t-qm02IcRW-C7IsrqOb4"", ""types"": [""locality"", ""political""]}"
Syracuse,612,Level 3,"Syracuse, NY, USA",43.0481221,-76.14742439999999,"{""address_components"": [{""long_name"": ""Syracuse"", ""short_name"": ""Syracuse"", ""types"": [""locality"", ""political""]}, {""long_name"": ""Onondaga County"", ""short_name"": ""Onondaga County"", ""types"": [""administrative_area_level_2"", ""political""]}, {""long_name"": ""New York"", ""short_name"": ""NY"", ""types"": [""administrative_area_level_1"", ""political""]}, {""long_name"": ""United States"", ""short_name"": ""US"", ""types"": [""country"", ""political""]}], ""formatted_address"": ""Syracuse, NY, USA"", ""geometry"": {""bounds"": {""northeast"": {""lat"": 43.0861018, ""lng"": -76.0740841}, ""southwest"": {""lat"": 42.984366, ""lng"": -76.20447600000001}}, ""location"": {""lat"": 43.0481221, ""lng"": -76.14742439999999}, ""location_type"": ""APPROXIMATE"", ""viewport"": {""northeast"": {""lat"": 43.0861018, ""lng"": -76.0740841}, ""southwest"": {""lat"": 42.984366, ""lng"": -76.20447600000001}}}, ""place_id"": ""ChIJDZqXv5vz2YkRRZWt1-IM1QA"", ""types"": [""locality"", ""political""]}"
Tampa,612,Level 3,"Tampa, FL, USA",27.9516896,-82.45875269999999,"{""address_components"": [{""long_name"": ""Tampa"", ""short_name"": ""Tampa"", ""types"": [""locality"", ""political""]}, {""long_name"": ""Hillsborough County"", ""short_name"": ""Hillsborough County"", ""types"": [""administrative_area_level_2"", ""political""]}, {""long_name"": ""Florida"", ""short_name"": ""FL"", ""types"": [""administrative_area_level_1"", ""political""]}, {""long_name"": ""United States"", ""short_name"": ""US"", ""types"": [""country"", ""political""]}], ""formatted_address"": ""Tampa, FL, USA"", ""geometry"": {""bounds"": {""northeast"": {""lat"": 28.1714781, ""lng"": -82.2597409}, ""southwest"": {""lat"": 27.817487, ""lng"": -82.64882}}, ""location"": {""lat"": 27.9516896, ""lng"": -82.45875269999999}, ""location_type"": ""APPROXIMATE"", ""viewport"": {""northeast"": {""lat"": 28.1714781, ""lng"": -82.2597409}, ""southwest"": {""lat"": 27.817487, ""lng"": -82.64882}}}, ""place_id"": ""ChIJ4dG5s4K3wogRY7SWr4kTX6c"", ""types"": [""locality"", ""political""]}"
Total U.S.,612,Level 1,United States,37.09024,-95.712891,"{""address_components"": [{""long_name"": ""United States"", ""short_name"": ""US"", ""types"": [""country"", ""political""]}], ""formatted_address"": ""United States"", ""geometry"": {""bounds"": {""northeast"": {""lat"": 74.071038, ""lng"": -66.885417}, ""southwest"": {""lat"": 18.7763, ""lng"": 166.9999999}}, ""location"": {""lat"": 37.09024, ""lng"": -95.712891}, ""location_type"": ""APPROXIMATE"", ""viewport"": {""northeast"": {""lat"": 72.7087158, ""lng"": -66.3193754}, ""southwest"": {""lat"": 15.7760139, ""lng"": -173.2992296}}}, ""partial_match"": true, ""place_id"": ""ChIJCzYy5IS16lQRQrfeQ5K5Oxw"", ""types"": [""country"", ""political""]}"
West,612,Level 2,,,,
New York,612,Level 3,"New York, NY, USA",40.7127753,-74.0059728,"{""address_components"": [{""long_name"": ""New York"", ""short_name"": ""New York"", ""types"": [""locality"", ""political""]}, {""long_name"": ""New York"", ""short_name"": ""NY"", ""types"": [""administrative_area_level_1"", ""political""]}, {""long_name"": ""United States"", ""short_name"": ""US"", ""types"": [""country"", ""political""]}], ""formatted_address"": ""New York, NY, USA"", ""geometry"": {""bounds"": {""northeast"": {""lat"": 40.9175771, ""lng"": -73.70027209999999}, ""southwest"": {""lat"": 40.4773991, ""lng"": -74.25908989999999}}, ""location"": {""lat"": 40.7127753, ""lng"": -74.0059728}, ""location_type"": ""APPROXIMATE"", ""viewport"": {""northeast"": {""lat"": 40.9175771, ""lng"": -73.70027209999999}, ""southwest"": {""lat"": 40.4773991, ""lng"": -74.25908989999999}}}, ""place_id"": ""ChIJOwg_06VPwokRYv534QaPC8g"", ""types"": [""locality"", ""political""]}"
New Orleans/Mobile,612,Level 3,"New Orleans, LA, USA",29.95106579999999,-90.0715323,"{""address_components"": [{""long_name"": ""New Orleans"", ""short_name"": ""New Orleans"", ""types"": [""locality"", ""political""]}, {""long_name"": ""Orleans Parish"", ""short_name"": ""Orleans Parish"", ""types"": [""administrative_area_level_2"", ""political""]}, {""long_name"": ""Louisiana"", ""short_name"": ""LA"", ""types"": [""administrative_area_level_1"", ""political""]}, {""long_name"": ""United States"", ""short_name"": ""US"", ""types"": [""country"", ""political""]}], ""formatted_address"": ""New Orleans, LA, USA"", ""geometry"": {""bounds"": {""northeast"": {""lat"": 30.199332, ""lng"": -89.625053}, ""southwest"": {""lat"": 29.8666609, ""lng"": -90.14007389999999}}, ""location"": {""lat"": 29.95106579999999, ""lng"": -90.0715323}, ""location_type"": ""APPROXIMATE"", ""viewport"": {""northeast"": {""lat"": 30.199332, ""lng"": -89.625053}, ""southwest"": {""lat"": 29.8666609, ""lng"": -90.14007389999999}}}, ""partial_match"": true, ""place_id"": ""ChIJZYIRslSkIIYRtNMiXuhbBts"", ""types"": [""locality"", ""political""]}"
Nashville,612,Level 3,"Nashville, TN, USA",36.1626638,-86.7816016,"{""address_components"": [{""long_name"": ""Nashville"", ""short_name"": ""Nashville"", ""types"": [""locality"", ""political""]}, {""long_name"": ""Davidson County"", ""short_name"": ""Davidson County"", ""types"": [""administrative_area_level_2"", ""political""]}, {""long_name"": ""Tennessee"", ""short_name"": ""TN"", ""types"": [""administrative_area_level_1"", ""political""]}, {""long_name"": ""United States"", ""short_name"": ""US"", ""types"": [""country"", ""political""]}], ""formatted_address"": ""Nashville, TN, USA"", ""geometry"": {""bounds"": {""northeast"": {""lat"": 36.4054959, ""lng"": -86.5155879}, ""southwest"": {""lat"": 35.9677851, ""lng"": -87.054903}}, ""location"": {""lat"": 36.1626638, ""lng"": -86.7816016}, ""location_type"": ""APPROXIMATE"", ""viewport"": {""northeast"": {""lat"": 36.4054959, ""lng"": -86.5155879}, ""southwest"": {""lat"": 35.9677851, ""lng"": -87.054903}}}, ""place_id"": ""ChIJPZDrEzLsZIgRoNrpodC5P30"", ""types"": [""locality"", ""political""]}"
Midsouth,612,Level 2,,,,
Baltimore/Washington,612,Level 3,"Baltimore/Washington International Thurgood Marshall Airport (BWI), 7050 Friendship Rd, Baltimore, MD 21240, USA",39.1775921,-76.6683889,"{""address_components"": [{""long_name"": ""Baltimore/Washington International Thurgood Marshall Airport"", ""short_name"": ""Baltimore/Washington International Thurgood Marshall Airport"", ""types"": [""airport"", ""establishment"", ""point_of_interest""]}, {""long_name"": ""7050"", ""short_name"": ""7050"", ""types"": [""street_number""]}, {""long_name"": ""Friendship Road"", ""short_name"": ""Friendship Rd"", ""types"": [""route""]}, {""long_name"": ""Baltimore"", ""short_name"": ""Baltimore"", ""types"": [""locality"", ""political""]}, {""long_name"": ""Anne Arundel County"", ""short_name"": ""Anne Arundel County"", ""types"": [""administrative_area_level_2"", ""political""]}, {""long_name"": ""Maryland"", ""short_name"": ""MD"", ""types"": [""administrative_area_level_1"", ""political""]}, {""long_name"": ""United States"", ""short_name"": ""US"", ""types"": [""country"", ""political""]}, {""long_name"": ""21240"", ""short_name"": ""21240"", ""types"": [""postal_code""]}], ""formatted_address"": ""Baltimore/Washington International Thurgood Marshall Airport (BWI), 7050 Friendship Rd, Baltimore, MD 21240, USA"", ""geometry"": {""location"": {""lat"": 39.1775921, ""lng"": -76.6683889}, ""location_type"": ""ROOFTOP"", ""viewport"": {""northeast"": {""lat"": 39.1834555, ""lng"": -76.6683889}, ""southwest"": {""lat"": 39.1775921, ""lng"": -76.6739558}}}, ""place_id"": ""ChIJC-DCu_zit4kRQBeX-gwVAAA"", ""plus_code"": {""compound_code"": ""58HJ+2J Baltimore, MD"", ""global_code"": ""87F558HJ+2J""}, ""types"": [""airport"", ""establishment"", ""point_of_interest""]}"
Boise,612,Level 3,"Boise, ID, USA",43.6150186,-116.2023137,"{""address_components"": [{""long_name"": ""Boise"", ""short_name"": ""Boise"", ""types"": [""locality"", ""political""]}, {""long_name"": ""Ada County"", ""short_name"": ""Ada County"", ""types"": [""administrative_area_level_2"", ""political""]}, {""long_name"": ""Idaho"", ""short_name"": ""ID"", ""types"": [""administrative_area_level_1"", ""political""]}, {""long_name"": ""United States"", ""short_name"": ""US"", ""types"": [""country"", ""political""]}], ""formatted_address"": ""Boise, ID, USA"", ""geometry"": {""bounds"": {""northeast"": {""lat"": 43.6898951, ""lng"": -116.1019091}, ""southwest"": {""lat"": 43.511717, ""lng"": -116.3658869}}, ""location"": {""lat"": 43.6150186, ""lng"": -116.2023137}, ""location_type"": ""APPROXIMATE"", ""viewport"": {""northeast"": {""lat"": 43.6898951, ""lng"": -116.1019091}, ""southwest"": {""lat"": 43.511717, ""lng"": -116.3658869}}}, ""place_id"": ""ChIJnbRH6XLxrlQRm51nNpuYW5o"", ""types"": [""locality"", ""political""]}"
Boston,612,Level 3,"Boston, MA, USA",42.3600825,-71.0588801,"{""address_components"": [{""long_name"": ""Boston"", ""short_name"": ""Boston"", ""types"": [""locality"", ""political""]}, {""long_name"": ""Suffolk County"", ""short_name"": ""Suffolk County"", ""types"": [""administrative_area_level_2"", ""political""]}, {""long_name"": ""Massachusetts"", ""short_name"": ""MA"", ""types"": [""administrative_area_level_1"", ""political""]}, {""long_name"": ""United States"", ""short_name"": ""US"", ""types"": [""country"", ""political""]}], ""formatted_address"": ""Boston, MA, USA"", ""geometry"": {""bounds"": {""northeast"": {""lat"": 42.40081989999999, ""lng"": -70.749455}, ""southwest"": {""lat"": 42.22788, ""lng"": -71.191113}}, ""location"": {""lat"": 42.3600825, ""lng"": -71.0588801}, ""location_type"": ""APPROXIMATE"", ""viewport"": {""northeast"": {""lat"": 42.40081989999999, ""lng"": -70.749455}, ""southwest"": {""lat"": 42.22788, ""lng"": -71.191113}}}, ""place_id"": ""ChIJGzE9DS1l44kRoOhiASS_fHg"", ""types"": [""locality"", ""political""]}"
Buffalo/Rochester,612,Level 3,"Rochester, NY, USA",43.15657789999999,-77.6088465,"{""address_components"": [{""long_name"": ""Rochester"", ""short_name"": ""Rochester"", ""types"": [""locality"", ""political""]}, {""long_name"": ""Monroe County"", ""short_name"": ""Monroe County"", ""types"": [""administrative_area_level_2"", ""political""]}, {""long_name"": ""New York"", ""short_name"": ""NY"", ""types"": [""administrative_area_level_1"", ""political""]}, {""long_name"": ""United States"", ""short_name"": ""US"", ""types"": [""country"", ""political""]}], ""formatted_address"": ""Rochester, NY, USA"", ""geometry"": {""bounds"": {""northeast"": {""lat"": 43.269045, ""lng"": -77.531166}, ""southwest"": {""lat"": 43.103318, ""lng"": -77.701632}}, ""location"": {""lat"": 43.15657789999999, ""lng"": -77.6088465}, ""location_type"": ""APPROXIMATE"", ""viewport"": {""northeast"": {""lat"": 43.269045, ""lng"": -77.531166}, ""southwest"": {""lat"": 43.103318, ""lng"": -77.701632}}}, ""partial_match"": true, ""place_id"": ""ChIJU7MUlgWz1okRHuYlQfwfAFo"", ""types"": [""locality"", ""political""]}"
California,612,Level 2,"California, USA",36.778261,-119.4179324,"{""address_components"": [{""long_name"": ""California"", ""short_name"": ""CA"", ""types"": [""administrative_area_level_1"", ""political""]}, {""long_name"": ""United States"", ""short_name"": ""US"", ""types"": [""country"", ""political""]}], ""formatted_address"": ""California, USA"", ""geometry"": {""bounds"": {""northeast"": {""lat"": 42.009503, ""lng"": -114.131211}, ""southwest"": {""lat"": 32.528832, ""lng"": -124.482003}}, ""location"": {""lat"": 36.778261, ""lng"": -119.4179324}, ""location_type"": ""APPROXIMATE"", ""viewport"": {""northeast"": {""lat"": 42.009503, ""lng"": -114.131211}, ""southwest"": {""lat"": 32.528832, ""lng"": -124.482003}}}, ""place_id"": ""ChIJPV4oX_65j4ARVW8IJ6IJUYs"", ""types"": [""administrative_area_level_1"", ""political""]}"
Charlotte,612,Level 3,"Charlotte, NC, USA",35.2270869,-80.8431267,"{""address_components"": [{""long_name"": ""Charlotte"", ""short_name"": ""Charlotte"", ""types"": [""locality"", ""political""]}, {""long_name"": ""Mecklenburg County"", ""short_name"": ""Mecklenburg County"", ""types"": [""administrative_area_level_2"", ""political""]}, {""long_name"": ""North Carolina"", ""short_name"": ""NC"", ""types"": [""administrative_area_level_1"", ""political""]}, {""long_name"": ""United States"", ""short_name"": ""US"", ""types"": [""country"", ""political""]}], ""formatted_address"": ""Charlotte, NC, USA"", ""geometry"": {""bounds"": {""northeast"": {""lat"": 35.39313300000001, ""lng"": -80.670104}, ""southwest"": {""lat"": 35.0131739, ""lng"": -81.0095539}}, ""location"": {""lat"": 35.2270869, ""lng"": -80.8431267}, ""location_type"": ""APPROXIMATE"", ""viewport"": {""northeast"": {""lat"": 35.39313300000001, ""lng"": -80.670104}, ""southwest"": {""lat"": 35.0131739, ""lng"": -81.0095539}}}, ""place_id"": ""ChIJgRo4_MQfVIgRZNFDv-ZQRog"", ""types"": [""locality"", ""political""]}"
Chicago,612,Level 3,"Chicago, IL, USA",41.8781136,-87.6297982,"{""address_components"": [{""long_name"": ""Chicago"", ""short_name"": ""Chicago"", ""types"": [""locality"", ""political""]}, {""long_name"": ""Cook County"", ""short_name"": ""Cook County"", ""types"": [""administrative_area_level_2"", ""political""]}, {""long_name"": ""Illinois"", ""short_name"": ""IL"", ""types"": [""administrative_area_level_1"", ""political""]}, {""long_name"": ""United States"", ""short_name"": ""US"", ""types"": [""country"", ""political""]}], ""formatted_address"": ""Chicago, IL, USA"", ""geometry"": {""bounds"": {""northeast"": {""lat"": 42.023131, ""lng"": -87.52366099999999}, ""southwest"": {""lat"": 41.6443349, ""lng"": -87.9402669}}, ""location"": {""lat"": 41.8781136, ""lng"": -87.6297982}, ""location_type"": ""APPROXIMATE"", ""viewport"": {""northeast"": {""lat"": 42.023131, ""lng"": -87.52366099999999}, ""southwest"": {""lat"": 41.6443349, ""lng"": -87.9402669}}}, ""place_id"": ""ChIJ7cv00DwsDogRAMDACa2m4K8"", ""types"": [""locality"", ""political""]}"
Cincinnati/Dayton,612,Level 3,"Dayton, OH, USA",39.7589478,-84.1916069,"{""address_components"": [{""long_name"": ""Dayton"", ""short_name"": ""Dayton"", ""types"": [""locality"", ""political""]}, {""long_name"": ""Jefferson Township"", ""short_name"": ""Jefferson Township"", ""types"": [""administrative_area_level_3"", ""political""]}, {""long_name"": ""Montgomery County"", ""short_name"": ""Montgomery County"", ""types"": [""administrative_area_level_2"", ""political""]}, {""long_name"": ""Ohio"", ""short_name"": ""OH"", ""types"": [""administrative_area_level_1"", ""political""]}, {""long_name"": ""United States"", ""short_name"": ""US"", ""types"": [""country"", ""political""]}], ""formatted_address"": ""Dayton, OH, USA"", ""geometry"": {""bounds"": {""northeast"": {""lat"": 39.9208229, ""lng"": -84.0929378}, ""southwest"": {""lat"": 39.7018339, ""lng"": -84.3113769}}, ""location"": {""lat"": 39.7589478, ""lng"": -84.1916069}, ""location_type"": ""APPROXIMATE"", ""viewport"": {""northeast"": {""lat"": 39.9208229, ""lng"": -84.0929378}, ""southwest"": {""lat"": 39.7018339, ""lng"": -84.3113769}}}, ""partial_match"": true, ""place_id"": ""ChIJAxTdrtWAQIgR5EwO8pLjQKY"", ""types"": [""locality"", ""political""]}"
Columbus,612,Level 3,"Columbus, OH, USA",39.9611755,-82.99879419999999,"{""address_components"": [{""long_name"": ""Columbus"", ""short_name"": ""Columbus"", ""types"": [""locality"", ""political""]}, {""long_name"": ""Franklin County"", ""short_name"": ""Franklin County"", ""types"": [""administrative_area_level_2"", ""political""]}, {""long_name"": ""Ohio"", ""short_name"": ""OH"", ""types"": [""administrative_area_level_1"", ""political""]}, {""long_name"": ""United States"", ""short_name"": ""US"", ""types"": [""country"", ""political""]}], ""formatted_address"": ""Columbus, OH, USA"", ""geometry"": {""bounds"": {""northeast"": {""lat"": 40.1572719, ""lng"": -82.77137809999999}, ""southwest"": {""lat"": 39.808631, ""lng"": -83.2102799}}, ""location"": {""lat"": 39.9611755, ""lng"": -82.99879419999999}, ""location_type"": ""APPROXIMATE"", ""viewport"": {""northeast"": {""lat"": 40.1572719, ""lng"": -82.77137809999999}, ""southwest"": {""lat"": 39.808631, ""lng"": -83.2102799}}}, ""place_id"": ""ChIJcd6QucGJOIgRM7Wxz_hmMuQ"", ""types"": [""locality"", ""political""]}"
Dallas/Ft. Worth,612,Level 3,"Texas, USA",32.7078751,-96.9209135,"{""address_components"": [{""long_name"": ""Texas"", ""short_name"": ""TX"", ""types"": [""administrative_area_level_1"", ""political""]}, {""long_name"": ""United States"", ""short_name"": ""US"", ""types"": [""country"", ""political""]}], ""formatted_address"": ""Texas, USA"", ""geometry"": {""bounds"": {""northeast"": {""lat"": 33.4340569, ""lng"": -95.8586449}, ""southwest"": {""lat"": 32.052087, ""lng"": -98.068545}}, ""location"": {""lat"": 32.7078751, ""lng"": -96.9209135}, ""location_type"": ""APPROXIMATE"", ""viewport"": {""northeast"": {""lat"": 33.4340569, ""lng"": -95.8586449}, ""southwest"": {""lat"": 32.052087, ""lng"": -98.068545}}}, ""partial_match"": true, ""place_id"": ""ChIJLTo6H7iCToYR5YyLgJpNclM"", ""types"": [""political""]}"
Denver,612,Level 3,"Denver, CO, USA",39.7392358,-104.990251,"{""address_components"": [{""long_name"": ""Denver"", ""short_name"": ""Denver"", ""types"": [""locality"", ""political""]}, {""long_name"": ""Denver County"", ""short_name"": ""Denver County"", ""types"": [""administrative_area_level_2"", ""political""]}, {""long_name"": ""Colorado"", ""short_name"": ""CO"", ""types"": [""administrative_area_level_1"", ""political""]}, {""long_name"": ""United States"", ""short_name"": ""US"", ""types"": [""country"", ""political""]}], ""formatted_address"": ""Denver, CO, USA"", ""geometry"": {""bounds"": {""northeast"": {""lat"": 39.91424689999999, ""lng"": -104.6002959}, ""southwest"": {""lat"": 39.614431, ""lng"": -105.109927}}, ""location"": {""lat"": 39.7392358, ""lng"": -104.990251}, ""location_type"": ""APPROXIMATE"", ""viewport"": {""northeast"": {""lat"": 39.91424689999999, ""lng"": -104.6002959}, ""southwest"": {""lat"": 39.614431, ""lng"": -105.109927}}}, ""place_id"": ""ChIJzxcfI6qAa4cR1jaKJ_j0jhE"", ""types"": [""locality"", ""political""]}"
Detroit,612,Level 3,"Detroit, MI, USA",42.331427,-83.0457538,"{""address_components"": [{""long_name"": ""Detroit"", ""short_name"": ""Detroit"", ""types"": [""locality"", ""political""]}, {""long_name"": ""Wayne County"", ""short_name"": ""Wayne County"", ""types"": [""administrative_area_level_2"", ""political""]}, {""long_name"": ""Michigan"", ""short_name"": ""MI"", ""types"": [""administrative_area_level_1"", ""political""]}, {""long_name"": ""United States"", ""short_name"": ""US"", ""types"": [""country"", ""political""]}], ""formatted_address"": ""Detroit, MI, USA"", ""geometry"": {""bounds"": {""northeast"": {""lat"": 42.45023, ""lng"": -82.910451}, ""southwest"": {""lat"": 42.255192, ""lng"": -83.287959}}, ""location"": {""lat"": 42.331427, ""lng"": -83.0457538}, ""location_type"": ""APPROXIMATE"", ""viewport"": {""northeast"": {""lat"": 42.45023, ""lng"": -82.910451}, ""southwest"": {""lat"": 42.255192, ""lng"": -83.287959}}}, ""place_id"": ""ChIJdR3LEAHKJIgR0sS5NU6Gdlc"", ""types"": [""locality"", ""political""]}"
Grand Rapids,612,Level 3,"Grand Rapids, MI, USA",42.9633599,-85.6680863,"{""address_components"": [{""long_name"": ""Grand Rapids"", ""short_name"": ""Grand Rapids"", ""types"": [""locality"", ""political""]}, {""long_name"": ""Kent County"", ""short_name"": ""Kent County"", ""types"": [""administrative_area_level_2"", ""political""]}, {""long_name"": ""Michigan"", ""short_name"": ""MI"", ""types"": [""administrative_area_level_1"", ""political""]}, {""long_name"": ""United States"", ""short_name"": ""US"", ""types"": [""country"", ""political""]}], ""formatted_address"": ""Grand Rapids, MI, USA"", ""geometry"": {""bounds"": {""northeast"": {""lat"": 43.0290509, ""lng"": -85.56864589999999}, ""southwest"": {""lat"": 42.8836659, ""lng"": -85.75153209999999}}, ""location"": {""lat"": 42.9633599, ""lng"": -85.6680863}, ""location_type"": ""APPROXIMATE"", ""viewport"": {""northeast"": {""lat"": 43.0290509, ""lng"": -85.56864589999999}, ""southwest"": {""lat"": 42.8836659, ""lng"": -85.75153209999999}}}, ""place_id"": ""ChIJFShQu2BUGIgR0KjTG8uqk6U"", ""types"": [""locality"", ""political""]}"
Great Lakes,612,Level 2,The Great Lakes,45.0522366,-82.4846115,"{""address_components"": [{""long_name"": ""The Great Lakes"", ""short_name"": ""The Great Lakes"", ""types"": [""colloquial_area"", ""political""]}], ""formatted_address"": ""The Great Lakes"", ""geometry"": {""bounds"": {""northeast"": {""lat"": 48.8487565, ""lng"": -76.30145399999999}, ""southwest"": {""lat"": 41.3970551, ""lng"": -92.1122348}}, ""location"": {""lat"": 45.0522366, ""lng"": -82.4846115}, ""location_type"": ""APPROXIMATE"", ""viewport"": {""northeast"": {""lat"": 48.8487565, ""lng"": -76.30145399999999}, ""southwest"": {""lat"": 41.3970551, ""lng"": -92.1122348}}}, ""place_id"": ""ChIJcVWbVc5jRU0Rm6yMnkWKaFc"", ""types"": [""colloquial_area"", ""political""]}"
Harrisburg/Scranton,612,Level 3,"Harrisburg, PA, USA",40.2731911,-76.8867008,"{""address_components"": [{""long_name"": ""Harrisburg"", ""short_name"": ""Harrisburg"", ""types"": [""locality"", ""political""]}, {""long_name"": ""Dauphin County"", ""short_name"": ""Dauphin County"", ""types"": [""administrative_area_level_2"", ""political""]}, {""long_name"": ""Pennsylvania"", ""short_name"": ""PA"", ""types"": [""administrative_area_level_1"", ""political""]}, {""long_name"": ""United States"", ""short_name"": ""US"", ""types"": [""country"", ""political""]}], ""formatted_address"": ""Harrisburg, PA, USA"", ""geometry"": {""bounds"": {""northeast"": {""lat"": 40.326688, ""lng"": -76.836394}, ""southwest"": {""lat"": 40.237601, ""lng"": -76.92445699999999}}, ""location"": {""lat"": 40.2731911, ""lng"": -76.8867008}, ""location_type"": ""APPROXIMATE"", ""viewport"": {""northeast"": {""lat"": 40.326688, ""lng"": -76.836394}, ""southwest"": {""lat"": 40.237601, ""lng"": -76.92445699999999}}}, ""partial_match"": true, ""place_id"": ""ChIJl54HuBbByIkR1UaNEshCbrs"", ""types"": [""locality"", ""political""]}"
Hartford/Springfield,612,Level 3,"Hartford, CT, USA",41.7658043,-72.6733723,"{""address_components"": [{""long_name"": ""Hartford"", ""short_name"": ""Hartford"", ""types"": [""locality"", ""political""]}, {""long_name"": ""Hartford County"", ""short_name"": ""Hartford County"", ""types"": [""administrative_area_level_2"", ""political""]}, {""long_name"": ""Connecticut"", ""short_name"": ""CT"", ""types"": [""administrative_area_level_1"", ""political""]}, {""long_name"": ""United States"", ""short_name"": ""US"", ""types"": [""country"", ""political""]}], ""formatted_address"": ""Hartford, CT, USA"", ""geometry"": {""bounds"": {""northeast"": {""lat"": 41.807575, ""lng"": -72.6425359}, ""southwest"": {""lat"": 41.7237999, ""lng"": -72.717638}}, ""location"": {""lat"": 41.7658043, ""lng"": -72.6733723}, ""location_type"": ""APPROXIMATE"", ""viewport"": {""northeast"": {""lat"": 41.807575, ""lng"": -72.6425359}, ""southwest"": {""lat"": 41.7237999, ""lng"": -72.717638}}}, ""place_id"": ""ChIJpVER8hFT5okRmVl96ahKjsw"", ""types"": [""locality"", ""political""]}"
Houston,612,Level 3,"Houston, TX, USA",29.7604267,-95.3698028,"{""address_components"": [{""long_name"": ""Houston"", ""short_name"": ""Houston"", ""types"": [""locality"", ""political""]}, {""long_name"": ""Harris County"", ""short_name"": ""Harris County"", ""types"": [""administrative_area_level_2"", ""political""]}, {""long_name"": ""Texas"", ""short_name"": ""TX"", ""types"": [""administrative_area_level_1"", ""political""]}, {""long_name"": ""United States"", ""short_name"": ""US"", ""types"": [""country"", ""political""]}], ""formatted_address"": ""Houston, TX, USA"", ""geometry"": {""bounds"": {""northeast"": {""lat"": 30.1107319, ""lng"": -95.014496}, ""southwest"": {""lat"": 29.523624, ""lng"": -95.78808690000001}}, ""location"": {""lat"": 29.7604267, ""lng"": -95.3698028}, ""location_type"": ""APPROXIMATE"", ""viewport"": {""northeast"": {""lat"": 30.1107319, ""lng"": -95.014496}, ""southwest"": {""lat"": 29.523624, ""lng"": -95.78808690000001}}}, ""place_id"": ""ChIJAYWNSLS4QIYROwVl894CDco"", ""types"": [""locality"", ""political""]}"
Indianapolis,612,Level 3,"Indianapolis, IN, USA",39.768403,-86.158068,"{""address_components"": [{""long_name"": ""Indianapolis"", ""short_name"": ""Indianapolis"", ""types"": [""locality"", ""political""]}, {""long_name"": ""Marion County"", ""short_name"": ""Marion County"", ""types"": [""administrative_area_level_2"", ""political""]}, {""long_name"": ""Indiana"", ""short_name"": ""IN"", ""types"": [""administrative_area_level_1"", ""political""]}, {""long_name"": ""United States"", ""short_name"": ""US"", ""types"": [""country"", ""political""]}], ""formatted_address"": ""Indianapolis, IN, USA"", ""geometry"": {""bounds"": {""northeast"": {""lat"": 39.927392, ""lng"": -85.9373789}, ""southwest"": {""lat"": 39.632177, ""lng"": -86.32812109999999}}, ""location"": {""lat"": 39.768403, ""lng"": -86.158068}, ""location_type"": ""APPROXIMATE"", ""viewport"": {""northeast"": {""lat"": 39.927392, ""lng"": -85.9373789}, ""southwest"": {""lat"": 39.632177, ""lng"": -86.32812109999999}}}, ""place_id"": ""ChIJA2p5p_9Qa4gRfOq5QPadjtY"", ""types"": [""locality"", ""political""]}"
Jacksonville,612,Level 3,"Jacksonville, FL, USA",30.3321838,-81.65565099999999,"{""address_components"": [{""long_name"": ""Jacksonville"", ""short_name"": ""Jacksonville"", ""types"": [""locality"", ""political""]}, {""long_name"": ""Duval County"", ""short_name"": ""Duval County"", ""types"": [""administrative_area_level_2"", ""political""]}, {""long_name"": ""Florida"", ""short_name"": ""FL"", ""types"": [""administrative_area_level_1"", ""political""]}, {""long_name"": ""United States"", ""short_name"": ""US"", ""types"": [""country"", ""political""]}], ""formatted_address"": ""Jacksonville, FL, USA"", ""geometry"": {""bounds"": {""northeast"": {""lat"": 30.586232, ""lng"": -81.316712}, ""southwest"": {""lat"": 30.103748, ""lng"": -82.0495018}}, ""location"": {""lat"": 30.3321838, ""lng"": -81.65565099999999}, ""location_type"": ""APPROXIMATE"", ""viewport"": {""northeast"": {""lat"": 30.586232, ""lng"": -81.316712}, ""southwest"": {""lat"": 30.103748, ""lng"": -82.0495018}}}, ""place_id"": ""ChIJ66_O8Ra35YgR4sf8ljh9zcQ"", ""types"": [""locality"", ""political""]}"
Las Vegas,612,Level 3,"Las Vegas, NV, USA",36.171563,-115.1391009,"{""address_components"": [{""long_name"": ""Las Vegas"", ""short_name"": ""Las Vegas"", ""types"": [""locality"", ""political""]}, {""long_name"": ""Clark County"", ""short_name"": ""Clark County"", ""types"": [""administrative_area_level_2"", ""political""]}, {""long_name"": ""Nevada"", ""short_name"": ""NV"", ""types"": [""administrative_area_level_1"", ""political""]}, {""long_name"": ""United States"", ""short_name"": ""US"", ""types"": [""country"", ""political""]}], ""formatted_address"": ""Las Vegas, NV, USA"", ""geometry"": {""bounds"": {""northeast"": {""lat"": 36.380623, ""lng"": -115.062072}, ""southwest"": {""lat"": 36.1296229, ""lng"": -115.414625}}, ""location"": {""lat"": 36.171563, ""lng"": -115.1391009}, ""location_type"": ""APPROXIMATE"", ""viewport"": {""northeast"": {""lat"": 36.3, ""lng"": -114.95}, ""southwest"": {""lat"": 35.95, ""lng"": -115.4}}}, ""place_id"": ""ChIJ0X31pIK3voARo3mz1ebVzDo"", ""types"": [""locality"", ""political""]}"
Los Angeles,612,Level 3,"Los Angeles, CA, USA",34.0549076,-118.242643,"{""address_components"": [{""long_name"": ""Los Angeles"", ""short_name"": ""Los Angeles"", ""types"": [""locality"", ""political""]}, {""long_name"": ""Los Angeles County"", ""short_name"": ""Los Angeles County"", ""types"": [""administrative_area_level_2"", ""political""]}, {""long_name"": ""California"", ""short_name"": ""CA"", ""types"": [""administrative_area_level_1"", ""political""]}, {""long_name"": ""United States"", ""short_name"": ""US"", ""types"": [""country"", ""political""]}], ""formatted_address"": ""Los Angeles, CA, USA"", ""geometry"": {""bounds"": {""northeast"": {""lat"": 34.3373061, ""lng"": -118.1552891}, ""southwest"": {""lat"": 33.7036519, ""lng"": -118.6681759}}, ""location"": {""lat"": 34.0549076, ""lng"": -118.242643}, ""location_type"": ""APPROXIMATE"", ""viewport"": {""northeast"": {""lat"": 34.3373061, ""lng"": -118.1552891}, ""southwest"": {""lat"": 33.7036519, ""lng"": -118.6681759}}}, ""place_id"": ""ChIJE9on3F3HwoAR9AhGJW_fL-I"", ""types"": [""locality"", ""political""]}"
Louisville,612,Level 3,"Louisville, KY, USA",38.2526647,-85.7584557,"{""address_components"": [{""long_name"": ""Louisville"", ""short_name"": ""Louisville"", ""types"": [""locality"", ""political""]}, {""long_name"": ""Jefferson County"", ""short_name"": ""Jefferson County"", ""types"": [""administrative_area_level_2"", ""political""]}, {""long_name"": ""Kentucky"", ""short_name"": ""KY"", ""types"": [""administrative_area_level_1"", ""political""]}, {""long_name"": ""United States"", ""short_name"": ""US"", ""types"": [""country"", ""political""]}], ""formatted_address"": ""Louisville, KY, USA"", ""geometry"": {""bounds"": {""northeast"": {""lat"": 38.38051, ""lng"": -85.40509999999999}, ""southwest"": {""lat"": 37.9971, ""lng"": -85.948441}}, ""location"": {""lat"": 38.2526647, ""lng"": -85.7584557}, ""location_type"": ""APPROXIMATE"", ""viewport"": {""northeast"": {""lat"": 38.38051, ""lng"": -85.40509999999999}, ""southwest"": {""lat"": 37.9971, ""lng"": -85.948441}}}, ""place_id"": ""ChIJEdVbsxoLaYgRMv1xICi009Q"", ""types"": [""locality"", ""political""]}"
Miami/Ft. Lauderdale,612,Level 3,"Florida, USA",26.3013917,-80.6326916,"{""address_components"": [{""long_name"": ""Florida"", ""short_name"": ""FL"", ""types"": [""administrative_area_level_1"", ""political""]}, {""long_name"": ""United States"", ""short_name"": ""US"", ""types"": [""country"", ""political""]}], ""formatted_address"": ""Florida, USA"", ""geometry"": {""bounds"": {""northeast"": {""lat"": 26.9709431, ""lng"": -79.974306}, ""southwest"": {""lat"": 25.13742, ""lng"": -80.88623199999999}}, ""location"": {""lat"": 26.3013917, ""lng"": -80.6326916}, ""location_type"": ""APPROXIMATE"", ""viewport"": {""northeast"": {""lat"": 26.9709431, ""lng"": -79.974306}, ""southwest"": {""lat"": 25.13742, ""lng"": -80.88623199999999}}}, ""partial_match"": true, ""place_id"": ""ChIJcUBIdFN02YgRVq-CnY1LF-s"", ""types"": [""political""]}"
West Tex/New Mexico,609,Level 3,"West Texas, El Paso, TX 79901, USA",31.75355119999999,-106.4917179,"{""address_components"": [{""long_name"": ""West Texas"", ""short_name"": ""West Texas"", ""types"": [""colloquial_area"", ""political""]}, {""long_name"": ""El Paso"", ""short_name"": ""El Paso"", ""types"": [""locality"", ""political""]}, {""long_name"": ""El Paso County"", ""short_name"": ""El Paso County"", ""types"": [""administrative_area_level_2"", ""political""]}, {""long_name"": ""Texas"", ""short_name"": ""TX"", ""types"": [""administrative_area_level_1"", ""political""]}, {""long_name"": ""United States"", ""short_name"": ""US"", ""types"": [""country"", ""political""]}, {""long_name"": ""79901"", ""short_name"": ""79901"", ""types"": [""postal_code""]}], ""formatted_address"": ""West Texas, El Paso, TX 79901, USA"", ""geometry"": {""location"": {""lat"": 31.75355119999999, ""lng"": -106.4917179}, ""location_type"": ""APPROXIMATE"", ""viewport"": {""northeast"": {""lat"": 31.75490018029149, ""lng"": -106.4903689197085}, ""southwest"": {""lat"": 31.75220221970849, ""lng"": -106.4930668802915}}}, ""place_id"": ""ChIJab-tFuNY54YRe7fEW2-GTQM"", ""types"": [""colloquial_area"", ""political""]}"
